{
    "M_G1_M M_G1H1_M": [
        [-0.17632, 0.036475, 0.00459542]
    ],
    "M_G1_M M_G1H2_M": [
        [-0.0478165, 0.0287345, 0.0036202]
    ],
    "M_G1C3_M M_G1C3H1_M": [
        [-0.244549, 0.0214803, 0.00270627]
    ],
    "M_G1C3_M M_G1C3H2_M": [
        [-0.21175, 0.0256594, 0.00323279]
    ],
    "M_G1C4_M M_G1C4H1_M": [
        [-0.182996, 0.0185684, 0.0023394]
    ],
    "M_G1C4_M M_G1C4H2_M": [
        [-0.173544, 0.0219488, 0.00276529]
    ],
    "M_G1C5_M M_G1C5H1_M": [
        [-0.211822, 0.0177814, 0.00224025]
    ],
    "M_G1C5_M M_G1C5H2_M": [
        [-0.213123, 0.0186174, 0.00234558]
    ],
    "M_G1C6_M M_G1C6H1_M": [
        [-0.212287, 0.0197674, 0.00249046]
    ],
    "M_G1C6_M M_G1C6H2_M": [
        [-0.20963, 0.0191043, 0.00240692]
    ],
    "M_G1C7_M M_G1C7H1_M": [
        [-0.223622, 0.0179149, 0.00225707]
    ],
    "M_G1C7_M M_G1C7H2_M": [
        [-0.223054, 0.0187493, 0.00236219]
    ],
    "M_G1C8_M M_G1C8H1_M": [
        [-0.214048, 0.0163392, 0.00205855]
    ],
    "M_G1C8_M M_G1C8H2_M": [
        [-0.214274, 0.0181569, 0.00228755]
    ],
    "M_G1C9_M M_G1C9H1_M": [
        [-0.211996, 0.0172705, 0.00217588]
    ],
    "M_G1C9_M M_G1C9H2_M": [
        [-0.211315, 0.019531, 0.00246068]
    ],
    "M_G1C10_M M_G1C10H1_M": [
        [-0.200082, 0.0187714, 0.00236498]
    ],
    "M_G1C10_M M_G1C10H2_M": [
        [-0.196225, 0.0200939, 0.00253159]
    ],
    "M_G1C11_M M_G1C11H1_M": [
        [-0.189455, 0.0155507, 0.0019592]
    ],
    "M_G1C11_M M_G1C11H2_M": [
        [-0.18987, 0.0198153, 0.00249649]
    ],
    "M_G1C12_M M_G1C12H1_M": [
        [-0.171569, 0.0176492, 0.00222358]
    ],
    "M_G1C12_M M_G1C12H2_M": [
        [-0.167424, 0.0196608, 0.00247702]
    ],
    "M_G1C13_M M_G1C13H1_M": [
        [-0.157007, 0.018279, 0.00230294]
    ],
    "M_G1C13_M M_G1C13H2_M": [
        [-0.157082, 0.0231703, 0.00291919]
    ],
    "M_G1C14_M M_G1C14H1_M": [
        [-0.138733, 0.0184367, 0.0023228]
    ],
    "M_G1C14_M M_G1C14H2_M": [
        [-0.13362, 0.0213168, 0.00268567]
    ],
    "M_G1C15_M M_G1C15H1_M": [
        [-0.121334, 0.0188432, 0.00237402]
    ],
    "M_G1C15_M M_G1C15H2_M": [
        [-0.118792, 0.0171869, 0.00216535]
    ],
    "M_G1C16_M M_G1C16H1_M": [
        [-0.0895807, 0.0191312, 0.00241031]
    ],
    "M_G1C16_M M_G1C16H2_M": [
        [-0.0927899, 0.0193437, 0.00243708]
    ],
    "M_G1C17_M M_G1C17H1_M": [
        [-0.0300368, 0.0174082, 0.00219323]
    ],
    "M_G1C17_M M_G1C17H2_M": [
        [-0.0328169, 0.0235505, 0.00296709]
    ],
    "M_G1C17_M M_G1C17H3_M": [
        [-0.031182, 0.0204701, 0.00257899]
    ],
    "M_G2_M M_G2H1_M": [
        [-0.196889, 0.0327, 0.00411982]
    ],
    "M_G2C3_M M_G2C3H1_M": [
        [-0.0754374, 0.0278831, 0.00351294]
    ],
    "M_G2C3_M M_G2C3H2_M": [
        [-0.107255, 0.0253044, 0.00318805]
    ],
    "M_G2C4_M M_G2C4H1_M": [
        [-0.202295, 0.0232819, 0.00293324]
    ],
    "M_G2C4_M M_G2C4H2_M": [
        [-0.208523, 0.0209477, 0.00263917]
    ],
    "M_G2C5_M M_G2C5H1_M": [
        [-0.203658, 0.021989, 0.00277035]
    ],
    "M_G2C5_M M_G2C5H2_M": [
        [-0.204403, 0.0203357, 0.00256206]
    ],
    "M_G2C6_M M_G2C6H1_M": [
        [-0.214119, 0.0210282, 0.0026493]
    ],
    "M_G2C6_M M_G2C6H2_M": [
        [-0.21283, 0.0199895, 0.00251845]
    ],
    "M_G2C7_M M_G2C7H1_M": [
        [-0.193273, 0.0211115, 0.0026598]
    ],
    "M_G2C7_M M_G2C7H2_M": [
        [-0.191333, 0.0195696, 0.00246554]
    ],
    "M_G2C8_M M_G2C8H1_M": [
        [-0.187355, 0.021112, 0.00265986]
    ],
    "M_G2C8_M M_G2C8H2_M": [
        [-0.181979, 0.0180154, 0.00226972]
    ],
    "M_G2C9_M M_G2C9H1_M": [
        [-0.10264, 0.0216025, 0.00272166]
    ],
    "M_G2C9_M M_G2C9H2_M": [
        [-0.103836, 0.0201577, 0.00253963]
    ],
    "M_G2C10_M M_G2C10H1_M": [
        [-0.0556549, 0.023291, 0.00293439]
    ],
    "M_G2C11_M M_G2C11H1_M": [
        [-0.047561, 0.0199892, 0.00251841]
    ],
    "M_G2C12_M M_G2C12H1_M": [
        [-0.0806134, 0.0198352, 0.002499]
    ],
    "M_G2C12_M M_G2C12H2_M": [
        [-0.0800762, 0.0191467, 0.00241225]
    ],
    "M_G2C13_M M_G2C13H1_M": [
        [-0.122664, 0.0211708, 0.00266728]
    ],
    "M_G2C13_M M_G2C13H2_M": [
        [-0.122062, 0.0241695, 0.00304507]
    ],
    "M_G2C14_M M_G2C14H1_M": [
        [-0.130798, 0.0196057, 0.00247009]
    ],
    "M_G2C14_M M_G2C14H2_M": [
        [-0.128791, 0.0240456, 0.00302946]
    ],
    "M_G2C15_M M_G2C15H1_M": [
        [-0.134381, 0.0172353, 0.00217144]
    ],
    "M_G2C15_M M_G2C15H2_M": [
        [-0.133122, 0.021816, 0.00274855]
    ],
    "M_G2C16_M M_G2C16H1_M": [
        [-0.119568, 0.0224506, 0.00282851]
    ],
    "M_G2C16_M M_G2C16H2_M": [
        [-0.121489, 0.0232593, 0.00293039]
    ],
    "M_G2C17_M M_G2C17H1_M": [
        [-0.1086, 0.0214343, 0.00270046]
    ],
    "M_G2C17_M M_G2C17H2_M": [
        [-0.111461, 0.0191216, 0.00240909]
    ],
    "M_G2C18_M M_G2C18H1_M": [
        [-0.0846935, 0.0193543, 0.00243842]
    ],
    "M_G2C18_M M_G2C18H2_M": [
        [-0.0865178, 0.0191411, 0.00241155]
    ],
    "M_G2C19_M M_G2C19H1_M": [
        [-0.0303275, 0.0217905, 0.00274535]
    ],
    "M_G2C19_M M_G2C19H2_M": [
        [-0.0264232, 0.0198461, 0.00250038]
    ],
    "M_G2C19_M M_G2C19H3_M": [
        [-0.0223846, 0.0215569, 0.00271592]
    ],
    "M_G3_M M_G3H1_M": [
        [-0.22605, 0.0267217, 0.00336661]
    ],
    "M_G3_M M_G3H2_M": [
        [-0.250179, 0.0259548, 0.00327]
    ],
    "M_G3C4_M M_G3C4H1_M": [
        [0.0353636, 0.0273031, 0.00343986]
    ],
    "M_G3C4_M M_G3C4H2_M": [
        [0.0364499, 0.0307694, 0.00387658]
    ],
    "M_G3C5_M M_G3C5H1_M": [
        [-0.0858352, 0.0242145, 0.00305074]
    ],
    "M_G3C5_M M_G3C5H2_M": [
        [-0.0812873, 0.0235105, 0.00296205]
    ],
    "M_G3N6C1_M M_G3N6C1H1_M": [
        [0.0120974, 0.0214005, 0.00269621]
    ],
    "M_G3N6C1_M M_G3N6C1H2_M": [
        [0.0116549, 0.0196321, 0.00247341]
    ],
    "M_G3N6C1_M M_G3N6C1H3_M": [
        [0.0157746, 0.0191033, 0.00240679]
    ],
    "M_G3N6C2_M M_G3N6C2H1_M": [
        [0.0104281, 0.0187101, 0.00235725]
    ],
    "M_G3N6C2_M M_G3N6C2H2_M": [
        [0.0180145, 0.0198964, 0.00250672]
    ],
    "M_G3N6C2_M M_G3N6C2H3_M": [
        [0.0102694, 0.0203463, 0.00256339]
    ],
    "M_G3N6C3_M M_G3N6C3H1_M": [
        [0.0128047, 0.0216238, 0.00272434]
    ],
    "M_G3N6C3_M M_G3N6C3H2_M": [
        [0.0139952, 0.0220786, 0.00278164]
    ],
    "M_G3N6C3_M M_G3N6C3H3_M": [
        [0.00947128, 0.0230245, 0.00290081]
    ]
}