{
    "M_G1_M M_G1H1_M": [
        [-0.175583, 0.036433, 0.00459013]
    ],
    "M_G1_M M_G1H2_M": [
        [-0.0479004, 0.0291703, 0.00367512]
    ],
    "M_G1C3_M M_G1C3H1_M": [
        [-0.244493, 0.0215425, 0.0027141]
    ],
    "M_G1C3_M M_G1C3H2_M": [
        [-0.211436, 0.025756, 0.00324495]
    ],
    "M_G1C4_M M_G1C4H1_M": [
        [-0.182923, 0.0186948, 0.00235532]
    ],
    "M_G1C4_M M_G1C4H2_M": [
        [-0.173532, 0.0217065, 0.00273477]
    ],
    "M_G1C5_M M_G1C5H1_M": [
        [-0.211694, 0.0179663, 0.00226354]
    ],
    "M_G1C5_M M_G1C5H2_M": [
        [-0.212829, 0.0183341, 0.00230987]
    ],
    "M_G1C6_M M_G1C6H1_M": [
        [-0.212163, 0.0198718, 0.00250361]
    ],
    "M_G1C6_M M_G1C6H2_M": [
        [-0.209564, 0.0188822, 0.00237894]
    ],
    "M_G1C7_M M_G1C7H1_M": [
        [-0.223407, 0.0177334, 0.0022342]
    ],
    "M_G1C7_M M_G1C7H2_M": [
        [-0.223032, 0.0187299, 0.00235974]
    ],
    "M_G1C8_M M_G1C8H1_M": [
        [-0.214218, 0.016079, 0.00202577]
    ],
    "M_G1C8_M M_G1C8H2_M": [
        [-0.21447, 0.0182405, 0.00229809]
    ],
    "M_G1C9_M M_G1C9H1_M": [
        [-0.212032, 0.0172098, 0.00216823]
    ],
    "M_G1C9_M M_G1C9H2_M": [
        [-0.211414, 0.0196284, 0.00247295]
    ],
    "M_G1C10_M M_G1C10H1_M": [
        [-0.200119, 0.0186326, 0.00234749]
    ],
    "M_G1C10_M M_G1C10H2_M": [
        [-0.196197, 0.0197604, 0.00248957]
    ],
    "M_G1C11_M M_G1C11H1_M": [
        [-0.189659, 0.0154014, 0.00194039]
    ],
    "M_G1C11_M M_G1C11H2_M": [
        [-0.189995, 0.0195613, 0.00246449]
    ],
    "M_G1C12_M M_G1C12H1_M": [
        [-0.171895, 0.0173363, 0.00218417]
    ],
    "M_G1C12_M M_G1C12H2_M": [
        [-0.167692, 0.0195527, 0.00246341]
    ],
    "M_G1C13_M M_G1C13H1_M": [
        [-0.157239, 0.0183336, 0.00230982]
    ],
    "M_G1C13_M M_G1C13H2_M": [
        [-0.157363, 0.023049, 0.00290391]
    ],
    "M_G1C14_M M_G1C14H1_M": [
        [-0.138554, 0.0182428, 0.00229838]
    ],
    "M_G1C14_M M_G1C14H2_M": [
        [-0.133921, 0.0210454, 0.00265147]
    ],
    "M_G1C15_M M_G1C15H1_M": [
        [-0.121156, 0.0190039, 0.00239426]
    ],
    "M_G1C15_M M_G1C15H2_M": [
        [-0.119151, 0.0171566, 0.00216153]
    ],
    "M_G1C16_M M_G1C16H1_M": [
        [-0.0898024, 0.0189644, 0.00238929]
    ],
    "M_G1C16_M M_G1C16H2_M": [
        [-0.0931008, 0.0193668, 0.00243999]
    ],
    "M_G1C17_M M_G1C17H1_M": [
        [-0.029777, 0.0175081, 0.00220582]
    ],
    "M_G1C17_M M_G1C17H2_M": [
        [-0.0330416, 0.023292, 0.00293452]
    ],
    "M_G1C17_M M_G1C17H3_M": [
        [-0.0317541, 0.0205432, 0.0025882]
    ],
    "M_G2_M M_G2H1_M": [
        [-0.195957, 0.0326532, 0.00411392]
    ],
    "M_G2C3_M M_G2C3H1_M": [
        [-0.0756633, 0.0278637, 0.00351049]
    ],
    "M_G2C3_M M_G2C3H2_M": [
        [-0.1073, 0.0246546, 0.00310619]
    ],
    "M_G2C4_M M_G2C4H1_M": [
        [-0.202516, 0.0224806, 0.00283229]
    ],
    "M_G2C4_M M_G2C4H2_M": [
        [-0.208514, 0.0207308, 0.00261184]
    ],
    "M_G2C5_M M_G2C5H1_M": [
        [-0.203771, 0.0216213, 0.00272403]
    ],
    "M_G2C5_M M_G2C5H2_M": [
        [-0.204763, 0.0200162, 0.0025218]
    ],
    "M_G2C6_M M_G2C6H1_M": [
        [-0.21414, 0.0205005, 0.00258281]
    ],
    "M_G2C6_M M_G2C6H2_M": [
        [-0.212572, 0.0197405, 0.00248707]
    ],
    "M_G2C7_M M_G2C7H1_M": [
        [-0.193411, 0.0208287, 0.00262417]
    ],
    "M_G2C7_M M_G2C7H2_M": [
        [-0.191067, 0.019212, 0.00242048]
    ],
    "M_G2C8_M M_G2C8H1_M": [
        [-0.187432, 0.020573, 0.00259196]
    ],
    "M_G2C8_M M_G2C8H2_M": [
        [-0.181995, 0.0176147, 0.00221925]
    ],
    "M_G2C9_M M_G2C9H1_M": [
        [-0.102842, 0.021385, 0.00269426]
    ],
    "M_G2C9_M M_G2C9H2_M": [
        [-0.103781, 0.0203547, 0.00256445]
    ],
    "M_G2C10_M M_G2C10H1_M": [
        [-0.0557252, 0.0233934, 0.00294729]
    ],
    "M_G2C11_M M_G2C11H1_M": [
        [-0.0476286, 0.0199444, 0.00251275]
    ],
    "M_G2C12_M M_G2C12H1_M": [
        [-0.0803596, 0.0193294, 0.00243527]
    ],
    "M_G2C12_M M_G2C12H2_M": [
        [-0.0803847, 0.0192027, 0.00241932]
    ],
    "M_G2C13_M M_G2C13H1_M": [
        [-0.122941, 0.0205393, 0.0025877]
    ],
    "M_G2C13_M M_G2C13H2_M": [
        [-0.122309, 0.023847, 0.00300444]
    ],
    "M_G2C14_M M_G2C14H1_M": [
        [-0.131346, 0.019236, 0.0024235]
    ],
    "M_G2C14_M M_G2C14H2_M": [
        [-0.129026, 0.0239887, 0.00302229]
    ],
    "M_G2C15_M M_G2C15H1_M": [
        [-0.135148, 0.0168609, 0.00212428]
    ],
    "M_G2C15_M M_G2C15H2_M": [
        [-0.133551, 0.0214172, 0.00269832]
    ],
    "M_G2C16_M M_G2C16H1_M": [
        [-0.120074, 0.0225311, 0.00283865]
    ],
    "M_G2C16_M M_G2C16H2_M": [
        [-0.121759, 0.0228531, 0.00287922]
    ],
    "M_G2C17_M M_G2C17H1_M": [
        [-0.108635, 0.0214991, 0.00270863]
    ],
    "M_G2C17_M M_G2C17H2_M": [
        [-0.111906, 0.0190234, 0.00239672]
    ],
    "M_G2C18_M M_G2C18H1_M": [
        [-0.0848335, 0.0188559, 0.00237562]
    ],
    "M_G2C18_M M_G2C18H2_M": [
        [-0.0866768, 0.0188953, 0.00238059]
    ],
    "M_G2C19_M M_G2C19H1_M": [
        [-0.0298891, 0.0212503, 0.00267728]
    ],
    "M_G2C19_M M_G2C19H2_M": [
        [-0.026482, 0.0189781, 0.00239101]
    ],
    "M_G2C19_M M_G2C19H3_M": [
        [-0.0226302, 0.0211594, 0.00266583]
    ],
    "M_G3_M M_G3H1_M": [
        [-0.225644, 0.0265804, 0.00334881]
    ],
    "M_G3_M M_G3H2_M": [
        [-0.24957, 0.0261999, 0.00330088]
    ],
    "M_G3C4_M M_G3C4H1_M": [
        [0.0349854, 0.0269931, 0.00340081]
    ],
    "M_G3C4_M M_G3C4H2_M": [
        [0.0369515, 0.0300632, 0.0037876]
    ],
    "M_G3C5_M M_G3C5H1_M": [
        [-0.0859399, 0.0236574, 0.00298055]
    ],
    "M_G3C5_M M_G3C5H2_M": [
        [-0.0814073, 0.0237759, 0.00299548]
    ],
    "M_G3N6C1_M M_G3N6C1H1_M": [
        [0.011952, 0.020999, 0.00264562]
    ],
    "M_G3N6C1_M M_G3N6C1H2_M": [
        [0.012183, 0.0193605, 0.00243919]
    ],
    "M_G3N6C1_M M_G3N6C1H3_M": [
        [0.0156668, 0.0190279, 0.0023973]
    ],
    "M_G3N6C2_M M_G3N6C2H1_M": [
        [0.0109746, 0.018308, 0.00230659]
    ],
    "M_G3N6C2_M M_G3N6C2H2_M": [
        [0.0177853, 0.0199182, 0.00250946]
    ],
    "M_G3N6C2_M M_G3N6C2H3_M": [
        [0.00987193, 0.0201731, 0.00254157]
    ],
    "M_G3N6C3_M M_G3N6C3H1_M": [
        [0.01258, 0.0215457, 0.0027145]
    ],
    "M_G3N6C3_M M_G3N6C3H2_M": [
        [0.0142624, 0.0217813, 0.00274419]
    ],
    "M_G3N6C3_M M_G3N6C3H3_M": [
        [0.00927558, 0.0225977, 0.00284705]
    ]
}