{
    "M_G1_M M_G1H1_M": [
        [-0.152418, 0.186296, 0.0224274]
    ],
    "M_G1_M M_G1H2_M": [
        [-0.0334291, 0.192302, 0.0231504]
    ],
    "M_G1C3_M M_G1C3H1_M": [
        [-0.236019, 0.112952, 0.0135978]
    ],
    "M_G1C3_M M_G1C3H2_M": [
        [-0.197, 0.123087, 0.0148179]
    ],
    "M_G1C4_M M_G1C4H1_M": [
        [-0.193183, 0.0924299, 0.0111272]
    ],
    "M_G1C4_M M_G1C4H2_M": [
        [-0.186308, 0.0892477, 0.0107442]
    ],
    "M_G1C5_M M_G1C5H1_M": [
        [-0.228995, 0.078921, 0.00950098]
    ],
    "M_G1C5_M M_G1C5H2_M": [
        [-0.213692, 0.0846917, 0.0101957]
    ],
    "M_G1C6_M M_G1C6H1_M": [
        [-0.221807, 0.0885939, 0.0106655]
    ],
    "M_G1C6_M M_G1C6H2_M": [
        [-0.214669, 0.0959691, 0.0115533]
    ],
    "M_G1C7_M M_G1C7H1_M": [
        [-0.232549, 0.075701, 0.00911333]
    ],
    "M_G1C7_M M_G1C7H2_M": [
        [-0.218111, 0.0928818, 0.0111817]
    ],
    "M_G1C8_M M_G1C8H1_M": [
        [-0.21538, 0.0837681, 0.0100845]
    ],
    "M_G1C8_M M_G1C8H2_M": [
        [-0.208492, 0.0897983, 0.0108104]
    ],
    "M_G1C9_M M_G1C9H1_M": [
        [-0.215153, 0.0773874, 0.00931635]
    ],
    "M_G1C9_M M_G1C9H2_M": [
        [-0.212391, 0.0817001, 0.00983554]
    ],
    "M_G1C10_M M_G1C10H1_M": [
        [-0.194898, 0.0767042, 0.0092341]
    ],
    "M_G1C10_M M_G1C10H2_M": [
        [-0.188817, 0.0885924, 0.0106653]
    ],
    "M_G1C11_M M_G1C11H1_M": [
        [-0.180446, 0.077233, 0.00929776]
    ],
    "M_G1C11_M M_G1C11H2_M": [
        [-0.183623, 0.0796774, 0.00959203]
    ],
    "M_G1C12_M M_G1C12H1_M": [
        [-0.167664, 0.0724764, 0.00872513]
    ],
    "M_G1C12_M M_G1C12H2_M": [
        [-0.160674, 0.0740457, 0.00891405]
    ],
    "M_G1C13_M M_G1C13H1_M": [
        [-0.146764, 0.0739911, 0.00890748]
    ],
    "M_G1C13_M M_G1C13H2_M": [
        [-0.146577, 0.0665781, 0.00801506]
    ],
    "M_G1C14_M M_G1C14H1_M": [
        [-0.120115, 0.0630798, 0.00759392]
    ],
    "M_G1C14_M M_G1C14H2_M": [
        [-0.125115, 0.0677156, 0.008152]
    ],
    "M_G1C15_M M_G1C15H1_M": [
        [-0.0998103, 0.0546157, 0.00657496]
    ],
    "M_G1C15_M M_G1C15H2_M": [
        [-0.107683, 0.0596273, 0.00717829]
    ],
    "M_G1C16_M M_G1C16H1_M": [
        [-0.0766173, 0.0510648, 0.00614748]
    ],
    "M_G1C16_M M_G1C16H2_M": [
        [-0.0768021, 0.0523296, 0.00629974]
    ],
    "M_G1C17_M M_G1C17H1_M": [
        [-0.0281341, 0.0361123, 0.00434741]
    ],
    "M_G1C17_M M_G1C17H2_M": [
        [-0.0232777, 0.0375858, 0.0045248]
    ],
    "M_G1C17_M M_G1C17H3_M": [
        [-0.0254871, 0.0367433, 0.00442337]
    ],
    "M_G2_M M_G2H1_M": [
        [-0.153363, 0.205576, 0.0247485]
    ],
    "M_G2C3_M M_G2C3H1_M": [
        [-0.0792239, 0.152272, 0.0183314]
    ],
    "M_G2C3_M M_G2C3H2_M": [
        [-0.115673, 0.125451, 0.0151025]
    ],
    "M_G2C4_M M_G2C4H1_M": [
        [-0.202242, 0.100758, 0.0121299]
    ],
    "M_G2C4_M M_G2C4H2_M": [
        [-0.19416, 0.112336, 0.0135237]
    ],
    "M_G2C5_M M_G2C5H1_M": [
        [-0.204823, 0.0947811, 0.0114103]
    ],
    "M_G2C5_M M_G2C5H2_M": [
        [-0.198012, 0.0926694, 0.0111561]
    ],
    "M_G2C6_M M_G2C6H1_M": [
        [-0.224946, 0.0994235, 0.0119692]
    ],
    "M_G2C6_M M_G2C6H2_M": [
        [-0.21557, 0.08184, 0.00985238]
    ],
    "M_G2C7_M M_G2C7H1_M": [
        [-0.194802, 0.0932091, 0.0112211]
    ],
    "M_G2C7_M M_G2C7H2_M": [
        [-0.193595, 0.0912217, 0.0109818]
    ],
    "M_G2C8_M M_G2C8H1_M": [
        [-0.192422, 0.0922607, 0.0111069]
    ],
    "M_G2C8_M M_G2C8H2_M": [
        [-0.180984, 0.0901386, 0.0108514]
    ],
    "M_G2C9_M M_G2C9H1_M": [
        [-0.1195, 0.0924186, 0.0111259]
    ],
    "M_G2C9_M M_G2C9H2_M": [
        [-0.106996, 0.114719, 0.0138106]
    ],
    "M_G2C10_M M_G2C10H1_M": [
        [-0.0705341, 0.108672, 0.0130825]
    ],
    "M_G2C11_M M_G2C11H1_M": [
        [-0.0615062, 0.116917, 0.0140752]
    ],
    "M_G2C12_M M_G2C12H1_M": [
        [-0.0912948, 0.100983, 0.0121569]
    ],
    "M_G2C12_M M_G2C12H2_M": [
        [-0.0821499, 0.111763, 0.0134546]
    ],
    "M_G2C13_M M_G2C13H1_M": [
        [-0.126153, 0.0874073, 0.0105226]
    ],
    "M_G2C13_M M_G2C13H2_M": [
        [-0.128433, 0.0819893, 0.00987035]
    ],
    "M_G2C14_M M_G2C14H1_M": [
        [-0.139236, 0.0679283, 0.0081776]
    ],
    "M_G2C14_M M_G2C14H2_M": [
        [-0.131956, 0.0763555, 0.00919213]
    ],
    "M_G2C15_M M_G2C15H1_M": [
        [-0.139806, 0.0681276, 0.0082016]
    ],
    "M_G2C15_M M_G2C15H2_M": [
        [-0.137141, 0.0707105, 0.00851254]
    ],
    "M_G2C16_M M_G2C16H1_M": [
        [-0.124419, 0.0685682, 0.00825464]
    ],
    "M_G2C16_M M_G2C16H2_M": [
        [-0.126948, 0.0600388, 0.00722782]
    ],
    "M_G2C17_M M_G2C17H1_M": [
        [-0.108476, 0.0542458, 0.00653043]
    ],
    "M_G2C17_M M_G2C17H2_M": [
        [-0.119626, 0.0535498, 0.00644663]
    ],
    "M_G2C18_M M_G2C18H1_M": [
        [-0.0845221, 0.0462044, 0.00556235]
    ],
    "M_G2C18_M M_G2C18H2_M": [
        [-0.0828126, 0.0487928, 0.00587396]
    ],
    "M_G2C19_M M_G2C19H1_M": [
        [-0.0307513, 0.0374627, 0.00450998]
    ],
    "M_G2C19_M M_G2C19H2_M": [
        [-0.0286889, 0.0324457, 0.00390601]
    ],
    "M_G2C19_M M_G2C19H3_M": [
        [-0.0310473, 0.0340161, 0.00409506]
    ],
    "M_G3_M M_G3H1_M": [
        [-0.195273, 0.186164, 0.0224115]
    ],
    "M_G3_M M_G3H2_M": [
        [-0.206445, 0.144515, 0.0173975]
    ],
    "M_G3C4_M M_G3C4H1_M": [
        [0.0940513, 0.115305, 0.0138811]
    ],
    "M_G3C4_M M_G3C4H2_M": [
        [0.0896188, 0.129634, 0.0156061]
    ],
    "M_G3C5_M M_G3C5H1_M": [
        [0.0170009, 0.132633, 0.0159672]
    ],
    "M_G3C5_M M_G3C5H2_M": [
        [0.0179979, 0.111529, 0.0134266]
    ]
}