{
    "M_G1_M M_G1H1_M": [
        [-0.169725, 0.176031, 0.0186592]
    ],
    "M_G1_M M_G1H2_M": [
        [-0.0569019, 0.161403, 0.0171087]
    ],
    "M_G2_M M_G2H1_M": [
        [-0.192316, 0.156997, 0.0166417]
    ],
    "M_G3_M M_G3H1_M": [
        [-0.233878, 0.125711, 0.0133253]
    ],
    "M_G3_M M_G3H2_M": [
        [-0.201279, 0.145338, 0.0154058]
    ],
    "M_G3C4_M M_G3C4H1_M": [
        [0.0378222, 0.121769, 0.0129074]
    ],
    "M_G3C4_M M_G3C4H2_M": [
        [0.0539652, 0.119574, 0.0126748]
    ],
    "M_G3C5_M M_G3C5H1_M": [
        [-0.0542367, 0.106209, 0.0112582]
    ],
    "M_G3C5_M M_G3C5H2_M": [
        [-0.0728157, 0.0976264, 0.0103484]
    ],
    "M_G3N6C1_M M_G3N6C1H1_M": [
        [0.00936351, 0.0683192, 0.00724182]
    ],
    "M_G3N6C1_M M_G3N6C1H2_M": [
        [0.0229747, 0.0631271, 0.00669146]
    ],
    "M_G3N6C1_M M_G3N6C1H3_M": [
        [0.00579602, 0.0683082, 0.00724065]
    ],
    "M_G3N6C2_M M_G3N6C2H1_M": [
        [-0.00115328, 0.0712586, 0.0075534]
    ],
    "M_G3N6C2_M M_G3N6C2H2_M": [
        [0.0162467, 0.0712101, 0.00754825]
    ],
    "M_G3N6C2_M M_G3N6C2H3_M": [
        [0.0109131, 0.0793415, 0.00841018]
    ],
    "M_G3N6C3_M M_G3N6C3H1_M": [
        [0.0131478, 0.075564, 0.00800976]
    ],
    "M_G3N6C3_M M_G3N6C3H2_M": [
        [0.0106434, 0.0736183, 0.00780352]
    ],
    "M_G3N6C3_M M_G3N6C3H3_M": [
        [0.0123836, 0.0704228, 0.0074648]
    ],
    "M_G1C3_M M_G1C3H1_M": [
        [-0.229788, 0.100392, 0.0106415]
    ],
    "M_G1C3_M M_G1C3H2_M": [
        [-0.204118, 0.124074, 0.0131518]
    ],
    "M_G1C4_M M_G1C4H1_M": [
        [-0.17053, 0.105315, 0.0111634]
    ],
    "M_G1C4_M M_G1C4H2_M": [
        [-0.161009, 0.101648, 0.0107746]
    ],
    "M_G1C5_M M_G1C5H1_M": [
        [-0.215002, 0.086515, 0.00917057]
    ],
    "M_G1C5_M M_G1C5H2_M": [
        [-0.201232, 0.0881761, 0.00934665]
    ],
    "M_G1C6_M M_G1C6H1_M": [
        [-0.218488, 0.0811434, 0.00860118]
    ],
    "M_G1C6_M M_G1C6H2_M": [
        [-0.217224, 0.0837869, 0.0088814]
    ],
    "M_G1C7_M M_G1C7H1_M": [
        [-0.227447, 0.0825631, 0.00875167]
    ],
    "M_G1C7_M M_G1C7H2_M": [
        [-0.231465, 0.0815308, 0.00864225]
    ],
    "M_G1C8_M M_G1C8H1_M": [
        [-0.211244, 0.0710881, 0.00753532]
    ],
    "M_G1C8_M M_G1C8H2_M": [
        [-0.211474, 0.0792751, 0.00840314]
    ],
    "M_G1C9_M M_G1C9H1_M": [
        [-0.210555, 0.0771851, 0.0081816]
    ],
    "M_G1C9_M M_G1C9H2_M": [
        [-0.212833, 0.0899228, 0.0095318]
    ],
    "M_G1C10_M M_G1C10H1_M": [
        [-0.191312, 0.0923652, 0.00979069]
    ],
    "M_G1C10_M M_G1C10H2_M": [
        [-0.19131, 0.0909074, 0.00963616]
    ],
    "M_G1C11_M M_G1C11H1_M": [
        [-0.177889, 0.0910071, 0.00964673]
    ],
    "M_G1C11_M M_G1C11H2_M": [
        [-0.178367, 0.0898788, 0.00952714]
    ],
    "M_G1C12_M M_G1C12H1_M": [
        [-0.152548, 0.0903839, 0.00958068]
    ],
    "M_G1C12_M M_G1C12H2_M": [
        [-0.153107, 0.0926647, 0.00982244]
    ],
    "M_G1C13_M M_G1C13H1_M": [
        [-0.148272, 0.0823712, 0.00873133]
    ],
    "M_G1C13_M M_G1C13H2_M": [
        [-0.142192, 0.0912752, 0.00967516]
    ],
    "M_G1C14_M M_G1C14H1_M": [
        [-0.127697, 0.0790787, 0.00838232]
    ],
    "M_G1C14_M M_G1C14H2_M": [
        [-0.121571, 0.0825843, 0.00875392]
    ],
    "M_G1C15_M M_G1C15H1_M": [
        [-0.11388, 0.0753308, 0.00798505]
    ],
    "M_G1C15_M M_G1C15H2_M": [
        [-0.108992, 0.0737112, 0.00781337]
    ],
    "M_G1C16_M M_G1C16H1_M": [
        [-0.0972852, 0.0662089, 0.00701812]
    ],
    "M_G1C16_M M_G1C16H2_M": [
        [-0.0942355, 0.0633648, 0.00671666]
    ],
    "M_G1C17_M M_G1C17H1_M": [
        [-0.0785198, 0.0611775, 0.0064848]
    ],
    "M_G1C17_M M_G1C17H2_M": [
        [-0.0778218, 0.0600579, 0.00636612]
    ],
    "M_G1C18_M M_G1C18H1_M": [
        [-0.0642996, 0.0511183, 0.00541853]
    ],
    "M_G1C18_M M_G1C18H2_M": [
        [-0.0594214, 0.0468747, 0.00496871]
    ],
    "M_G1C19_M M_G1C19H1_M": [
        [-0.0199227, 0.0381417, 0.00404301]
    ],
    "M_G1C19_M M_G1C19H2_M": [
        [-0.018394, 0.0345892, 0.00366644]
    ],
    "M_G1C19_M M_G1C19H3_M": [
        [-0.0211415, 0.0388193, 0.00411484]
    ],
    "M_G2C3_M M_G2C3H1_M": [
        [-0.0482474, 0.124002, 0.0131442]
    ],
    "M_G2C3_M M_G2C3H2_M": [
        [-0.0577917, 0.113134, 0.0119921]
    ],
    "M_G2C4_M M_G2C4H1_M": [
        [-0.135076, 0.094112, 0.00997585]
    ],
    "M_G2C4_M M_G2C4H2_M": [
        [-0.138738, 0.0912535, 0.00967285]
    ],
    "M_G2C5_M M_G2C5H1_M": [
        [-0.0628495, 0.118931, 0.0126067]
    ],
    "M_G2C5_M M_G2C5H2_M": [
        [-0.0497275, 0.112939, 0.0119715]
    ],
    "M_G2C6_M M_G2C6H1_M": [
        [-0.00147338, 0.131785, 0.0139692]
    ],
    "M_G2C7_M M_G2C7H1_M": [
        [-0.079441, 0.124202, 0.0131654]
    ],
    "M_G2C8_M M_G2C8H1_M": [
        [-0.0366684, 0.0860037, 0.00911637]
    ],
    "M_G2C8_M M_G2C8H2_M": [
        [-0.0473211, 0.0945043, 0.0100174]
    ],
    "M_G2C9_M M_G2C9H1_M": [
        [-0.0168542, 0.0883071, 0.00936054]
    ],
    "M_G2C10_M M_G2C10H1_M": [
        [-0.0493671, 0.0876724, 0.00929326]
    ],
    "M_G2C11_M M_G2C11H1_M": [
        [-0.0429737, 0.0668879, 0.00709011]
    ],
    "M_G2C11_M M_G2C11H2_M": [
        [-0.0489891, 0.0612172, 0.00648901]
    ],
    "M_G2C12_M M_G2C12H1_M": [
        [-0.0377617, 0.0804196, 0.00852446]
    ],
    "M_G2C13_M M_G2C13H1_M": [
        [-0.0201284, 0.0904687, 0.00958967]
    ],
    "M_G2C14_M M_G2C14H1_M": [
        [-0.0221642, 0.0689376, 0.00730737]
    ],
    "M_G2C14_M M_G2C14H2_M": [
        [-0.0213155, 0.0608644, 0.00645162]
    ],
    "M_G2C15_M M_G2C15H1_M": [
        [-0.0257052, 0.0879205, 0.00931956]
    ],
    "M_G2C16_M M_G2C16H1_M": [
        [-0.0288917, 0.061731, 0.00654348]
    ],
    "M_G2C17_M M_G2C17H1_M": [
        [-0.0568041, 0.0560397, 0.00594019]
    ],
    "M_G2C17_M M_G2C17H2_M": [
        [-0.0552754, 0.0573215, 0.00607607]
    ],
    "M_G2C18_M M_G2C18H1_M": [
        [-0.0730029, 0.0567673, 0.00601732]
    ],
    "M_G2C18_M M_G2C18H2_M": [
        [-0.0740905, 0.0528793, 0.00560519]
    ],
    "M_G2C19_M M_G2C19H1_M": [
        [-0.0727432, 0.0529198, 0.00560949]
    ],
    "M_G2C19_M M_G2C19H2_M": [
        [-0.0706984, 0.0498382, 0.00528284]
    ],
    "M_G2C20_M M_G2C20H1_M": [
        [-0.0604259, 0.0450672, 0.00477711]
    ],
    "M_G2C20_M M_G2C20H2_M": [
        [-0.0640584, 0.0403638, 0.00427855]
    ],
    "M_G2C21_M M_G2C21H1_M": [
        [-0.0205088, 0.0384455, 0.00407521]
    ],
    "M_G2C21_M M_G2C21H2_M": [
        [-0.00736112, 0.0377528, 0.00400179]
    ],
    "M_G2C21_M M_G2C21H3_M": [
        [-0.0186524, 0.0313636, 0.00332454]
    ]
}