{
    "M_G01_M M_G01H1_M": [
        [0.0933005, 0.176812, 0.0283126]
    ],
    "M_G01_M M_G01H2_M": [
        [0.0970439, 0.175881, 0.0281635]
    ],
    "M_G02_M M_G02H1_M": [
        [0.0887961, 0.180118, 0.0288419]
    ],
    "M_G03_M M_G03H1_M": [
        [0.029346, 0.191199, 0.0306164]
    ],
    "M_G03_M M_G03H2_M": [
        [0.111462, 0.15932, 0.0255116]
    ],
    "M_G13_M M_G13H1_M": [
        [-0.251178, 0.140882, 0.0225592]
    ],
    "M_G13_M M_G13H2_M": [
        [-0.213612, 0.19381, 0.0310345]
    ],
    "M_G12_M M_G12H1_M": [
        [-0.169846, 0.192331, 0.0307977]
    ],
    "M_G11_M M_G11H1_M": [
        [-0.036105, 0.160119, 0.0256396]
    ],
    "M_G11_M M_G11H2_M": [
        [-0.164668, 0.220115, 0.0352466]
    ],
    "M_G23_M M_G23H1_M": [
        [-0.230854, 0.140438, 0.0224881]
    ],
    "M_G23_M M_G23H2_M": [
        [-0.263395, 0.11837, 0.0189544]
    ],
    "M_G22_M M_G22H1_M": [
        [-0.224405, 0.139454, 0.0223305]
    ],
    "M_G21_M M_G21H1_M": [
        [-0.181185, 0.189537, 0.0303503]
    ],
    "M_G21_M M_G21H2_M": [
        [-0.0131691, 0.211699, 0.033899]
    ],
    "M_G22C3_M M_G22C3H1_M": [
        [-0.0988253, 0.16485, 0.0263971]
    ],
    "M_G22C3_M M_G22C3H2_M": [
        [-0.127411, 0.139159, 0.0222833]
    ],
    "M_G22C4_M M_G22C4H1_M": [
        [-0.217711, 0.094174, 0.0150799]
    ],
    "M_G22C4_M M_G22C4H2_M": [
        [-0.194187, 0.12483, 0.0199888]
    ],
    "M_G22C5_M M_G22C5H1_M": [
        [-0.205415, 0.109468, 0.017529]
    ],
    "M_G22C5_M M_G22C5H2_M": [
        [-0.206728, 0.0987622, 0.0158146]
    ],
    "M_G22C6_M M_G22C6H1_M": [
        [-0.209567, 0.103652, 0.0165976]
    ],
    "M_G22C6_M M_G22C6H2_M": [
        [-0.21147, 0.100518, 0.0160957]
    ],
    "M_G22C7_M M_G22C7H1_M": [
        [-0.186674, 0.106727, 0.01709]
    ],
    "M_G22C7_M M_G22C7H2_M": [
        [-0.183567, 0.0975131, 0.0156146]
    ],
    "M_G22C8_M M_G22C8H1_M": [
        [-0.182009, 0.0980293, 0.0156972]
    ],
    "M_G22C8_M M_G22C8H2_M": [
        [-0.163103, 0.0997973, 0.0159804]
    ],
    "M_G22C9_M M_G22C9H1_M": [
        [-0.0926537, 0.106958, 0.017127]
    ],
    "M_G22C9_M M_G22C9H2_M": [
        [-0.102625, 0.116701, 0.0186872]
    ],
    "M_G22C10_M M_G22C10H1_M": [
        [-0.0373353, 0.131982, 0.021134]
    ],
    "M_G22C11_M M_G22C11H1_M": [
        [-0.0220533, 0.115352, 0.018471]
    ],
    "M_G22C12_M M_G22C12H1_M": [
        [-0.0231962, 0.0686553, 0.0109936]
    ],
    "M_G22C12_M M_G22C12H2_M": [
        [-0.0270358, 0.0817645, 0.0130928]
    ],
    "M_G22C13_M M_G22C13H1_M": [
        [-0.042543, 0.0864771, 0.0138474]
    ],
    "M_G22C14_M M_G22C14H1_M": [
        [-0.0161316, 0.0729185, 0.0116763]
    ],
    "M_G22C15_M M_G22C15H1_M": [
        [-0.0628215, 0.0569829, 0.00912456]
    ],
    "M_G22C15_M M_G22C15H2_M": [
        [-0.0423977, 0.066941, 0.0107191]
    ],
    "M_G22C16_M M_G22C16H1_M": [
        [-0.072799, 0.0692815, 0.0110939]
    ],
    "M_G22C16_M M_G22C16H2_M": [
        [-0.0729346, 0.0630618, 0.010098]
    ],
    "M_G22C17_M M_G22C17H1_M": [
        [-0.0691212, 0.0658729, 0.0105481]
    ],
    "M_G22C17_M M_G22C17H2_M": [
        [-0.0757268, 0.0558187, 0.00893814]
    ],
    "M_G22C18_M M_G22C18H1_M": [
        [-0.0614515, 0.0543691, 0.00870602]
    ],
    "M_G22C18_M M_G22C18H2_M": [
        [-0.074157, 0.0508561, 0.0081435]
    ],
    "M_G22C19_M M_G22C19H1_M": [
        [-0.00426925, 0.0278354, 0.00445723]
    ],
    "M_G22C19_M M_G22C19H2_M": [
        [-0.0197247, 0.0284624, 0.00455764]
    ],
    "M_G22C19_M M_G22C19H3_M": [
        [-0.0197054, 0.0366062, 0.00586169]
    ],
    "M_G21C3_M M_G21C3H1_M": [
        [-0.221595, 0.16497, 0.0264163]
    ],
    "M_G21C3_M M_G21C3H2_M": [
        [-0.229659, 0.115988, 0.018573]
    ],
    "M_G21C4_M M_G21C4H1_M": [
        [-0.181281, 0.103103, 0.0165097]
    ],
    "M_G21C4_M M_G21C4H2_M": [
        [-0.179372, 0.0888612, 0.0142292]
    ],
    "M_G21C5_M M_G21C5H1_M": [
        [-0.212027, 0.0834831, 0.013368]
    ],
    "M_G21C5_M M_G21C5H2_M": [
        [-0.202214, 0.0983699, 0.0157518]
    ],
    "M_G21C6_M M_G21C6H1_M": [
        [-0.212072, 0.0836602, 0.0133964]
    ],
    "M_G21C6_M M_G21C6H2_M": [
        [-0.203031, 0.0900221, 0.0144151]
    ],
    "M_G21C7_M M_G21C7H1_M": [
        [-0.204442, 0.0822355, 0.0131682]
    ],
    "M_G21C7_M M_G21C7H2_M": [
        [-0.208553, 0.0916891, 0.014682]
    ],
    "M_G21C8_M M_G21C8H1_M": [
        [-0.183714, 0.0765728, 0.0122615]
    ],
    "M_G21C8_M M_G21C8H2_M": [
        [-0.180903, 0.0800527, 0.0128187]
    ],
    "M_G21C9_M M_G21C9H1_M": [
        [-0.131876, 0.0839675, 0.0134456]
    ],
    "M_G21C9_M M_G21C9H2_M": [
        [-0.154511, 0.0900829, 0.0144248]
    ],
    "M_G21C10_M M_G21C10H1_M": [
        [-0.107176, 0.114365, 0.0183131]
    ],
    "M_G21C11_M M_G21C11H1_M": [
        [-0.0721708, 0.0879109, 0.014077]
    ],
    "M_G21C12_M M_G21C12H1_M": [
        [-0.0317718, 0.0675756, 0.0108208]
    ],
    "M_G21C12_M M_G21C12H2_M": [
        [-0.0179602, 0.062121, 0.00994732]
    ],
    "M_G21C13_M M_G21C13H1_M": [
        [-0.0623541, 0.0605664, 0.00969839]
    ],
    "M_G21C14_M M_G21C14H1_M": [
        [0.0152198, 0.0728945, 0.0116725]
    ],
    "M_G21C15_M M_G21C15H1_M": [
        [-0.0263388, 0.0492943, 0.0078934]
    ],
    "M_G21C15_M M_G21C15H2_M": [
        [-0.0334347, 0.0527385, 0.00844492]
    ],
    "M_G21C16_M M_G21C16H1_M": [
        [-0.06195, 0.0515029, 0.00824706]
    ],
    "M_G21C16_M M_G21C16H2_M": [
        [-0.0540701, 0.0565821, 0.00906039]
    ],
    "M_G21C17_M M_G21C17H1_M": [
        [-0.0575343, 0.0518332, 0.00829995]
    ],
    "M_G21C17_M M_G21C17H2_M": [
        [-0.0606181, 0.0504416, 0.00807711]
    ],
    "M_G21C18_M M_G21C18H1_M": [
        [-0.0542503, 0.0497133, 0.00796051]
    ],
    "M_G21C18_M M_G21C18H2_M": [
        [-0.0500728, 0.0444661, 0.00712027]
    ],
    "M_G21C19_M M_G21C19H1_M": [
        [-0.00564232, 0.0346014, 0.00554066]
    ],
    "M_G21C19_M M_G21C19H2_M": [
        [-0.009639, 0.0312285, 0.00500057]
    ],
    "M_G21C19_M M_G21C19H3_M": [
        [-0.0226008, 0.0336913, 0.00539492]
    ],
    "M_G12C3_M M_G12C3H1_M": [
        [-0.0795592, 0.157806, 0.0252691]
    ],
    "M_G12C3_M M_G12C3H2_M": [
        [-0.105844, 0.146756, 0.0234998]
    ],
    "M_G12C4_M M_G12C4H1_M": [
        [-0.200172, 0.100456, 0.0160858]
    ],
    "M_G12C4_M M_G12C4H2_M": [
        [-0.186336, 0.122082, 0.0195487]
    ],
    "M_G12C5_M M_G12C5H1_M": [
        [-0.193065, 0.0964749, 0.0154483]
    ],
    "M_G12C5_M M_G12C5H2_M": [
        [-0.191967, 0.102394, 0.0163961]
    ],
    "M_G12C6_M M_G12C6H1_M": [
        [-0.201237, 0.104332, 0.0167065]
    ],
    "M_G12C6_M M_G12C6H2_M": [
        [-0.212759, 0.0899931, 0.0144104]
    ],
    "M_G12C7_M M_G12C7H1_M": [
        [-0.191392, 0.092837, 0.0148658]
    ],
    "M_G12C7_M M_G12C7H2_M": [
        [-0.185719, 0.0872661, 0.0139738]
    ],
    "M_G12C8_M M_G12C8H1_M": [
        [-0.178104, 0.101924, 0.0163209]
    ],
    "M_G12C8_M M_G12C8H2_M": [
        [-0.172911, 0.090068, 0.0144224]
    ],
    "M_G12C9_M M_G12C9H1_M": [
        [-0.115261, 0.089973, 0.0144072]
    ],
    "M_G12C9_M M_G12C9H2_M": [
        [-0.115158, 0.0990206, 0.015856]
    ],
    "M_G12C10_M M_G12C10H1_M": [
        [-0.077556, 0.0981055, 0.0157095]
    ],
    "M_G12C11_M M_G12C11H1_M": [
        [-0.0116722, 0.090718, 0.0145265]
    ],
    "M_G12C12_M M_G12C12H1_M": [
        [-0.0187217, 0.071334, 0.0114226]
    ],
    "M_G12C12_M M_G12C12H2_M": [
        [-0.0200423, 0.0666309, 0.0106695]
    ],
    "M_G12C13_M M_G12C13H1_M": [
        [-0.0552944, 0.0868088, 0.0139005]
    ],
    "M_G12C14_M M_G12C14H1_M": [
        [-0.00319903, 0.0735249, 0.0117734]
    ],
    "M_G12C15_M M_G12C15H1_M": [
        [-0.0420841, 0.0625284, 0.0100126]
    ],
    "M_G12C15_M M_G12C15H2_M": [
        [-0.0445557, 0.0470763, 0.00753825]
    ],